model,MSE,MAE,R2
LinearRegression,0.0008126941133952659,0.009015410123926565,0.9990252755504491
RandomForest,0.00046205995505552145,0.0043196339328518945,0.9994458171556462
MLP,0.01042327271909132,0.05568127257229293,0.9874985943712699
XGBoost,0.001456667402050855,0.008583685015940146,0.9982529105253255
